{
  "generated_at": "2026-06-14T16:38:58.498248Z",
  "mode": "retrieval",
  "n_samples": 20,
  "seed": 42,
  "top_k": 10,
  "retrieval_results": {
    "vector": {
      "metrics": {
        "n_queries": 20,
        "hit@1": 0.0,
        "recall@1": 0.0,
        "ndcg@1": 0.0,
        "hit@3": 0.0,
        "recall@3": 0.0,
        "ndcg@3": 0.0,
        "hit@5": 0.0,
        "recall@5": 0.0,
        "ndcg@5": 0.0,
        "hit@10": 0.05,
        "recall@10": 0.05,
        "ndcg@10": 0.014453241315894394,
        "mrr": 0.005,
        "latency_ms_mean": 1129.7165449999738,
        "latency_ms_p95": 5087.481700000353
      },
      "ranks": [
        0,
        0,
        0,
        0,
        10,
        0,
        0,
        0,
        0,
        0,
        0,
        0,
        0,
        0,
        0,
        0,
        0,
        0,
        0,
        0
      ]
    },
    "hybrid": {
      "metrics": {
        "n_queries": 20,
        "hit@1": 0.0,
        "recall@1": 0.0,
        "ndcg@1": 0.0,
        "hit@3": 0.0,
        "recall@3": 0.0,
        "ndcg@3": 0.0,
        "hit@5": 0.0,
        "recall@5": 0.0,
        "ndcg@5": 0.0,
        "hit@10": 0.0,
        "recall@10": 0.0,
        "ndcg@10": 0.0,
        "mrr": 0.0,
        "latency_ms_mean": 255.01714500096568,
        "latency_ms_p95": 1520.408900003531
      },
      "ranks": [
        0,
        0,
        0,
        0,
        0,
        0,
        0,
        0,
        0,
        0,
        0,
        0,
        0,
        0,
        0,
        0,
        0,
        0,
        0,
        0
      ]
    },
    "hybrid_rerank": {
      "metrics": {
        "n_queries": 20,
        "hit@1": 0.1,
        "recall@1": 0.1,
        "ndcg@1": 0.1,
        "hit@3": 0.15,
        "recall@3": 0.15,
        "ndcg@3": 0.13154648767857288,
        "hit@5": 0.15,
        "recall@5": 0.15,
        "ndcg@5": 0.13154648767857288,
        "hit@10": 0.15,
        "recall@10": 0.15,
        "ndcg@10": 0.13154648767857288,
        "mrr": 0.125,
        "latency_ms_mean": 1537.2027499994147,
        "latency_ms_p95": 4043.6253999941982
      },
      "ranks": [
        0,
        0,
        0,
        0,
        1,
        0,
        0,
        0,
        0,
        0,
        1,
        0,
        0,
        0,
        0,
        2,
        0,
        0,
        0,
        0
      ]
    },
    "multi_query": {
      "metrics": {
        "n_queries": 20,
        "hit@1": 0.0,
        "recall@1": 0.0,
        "ndcg@1": 0.0,
        "hit@3": 0.0,
        "recall@3": 0.0,
        "ndcg@3": 0.0,
        "hit@5": 0.0,
        "recall@5": 0.0,
        "ndcg@5": 0.0,
        "hit@10": 0.0,
        "recall@10": 0.0,
        "ndcg@10": 0.0,
        "mrr": 0.0,
        "latency_ms_mean": 1561.679340001865,
        "latency_ms_p95": 2561.8538000053377
      },
      "ranks": [
        0,
        0,
        0,
        0,
        0,
        0,
        0,
        0,
        0,
        0,
        0,
        0,
        0,
        0,
        0,
        0,
        0,
        0,
        0,
        0
      ]
    },
    "full": {
      "metrics": {
        "n_queries": 20,
        "hit@1": 0.05,
        "recall@1": 0.05,
        "ndcg@1": 0.05,
        "hit@3": 0.05,
        "recall@3": 0.05,
        "ndcg@3": 0.05,
        "hit@5": 0.05,
        "recall@5": 0.05,
        "ndcg@5": 0.05,
        "hit@10": 0.05,
        "recall@10": 0.05,
        "ndcg@10": 0.05,
        "mrr": 0.05,
        "latency_ms_mean": 3761.236949999875,
        "latency_ms_p95": 6234.058999994886
      },
      "ranks": [
        0,
        0,
        0,
        0,
        1,
        0,
        0,
        0,
        0,
        0,
        0,
        0,
        0,
        0,
        0,
        0,
        0,
        0,
        0,
        0
      ]
    }
  }
}